;m;cm;mm;inch
m;1;100;1000;39.3701
cm;0.01;1;10;0.393701
mm;0.001;0.1;1;0.0393701
inch;0.0254;2.54;25.4;1
